sample,serum,library,date,serum_dilution,percent_infectivity,fastq_R1,SRA_accession
L5-HC070097,HC070097,lib2,7/29/19,0.000401,1.88,/fh/fast/bloom_j/SR/ngs/illumina/reguia/190725_D00300_0788_AH3JCJBCX3_lane1/Unaligned/Project_reguia/Sample_L5-HC070097/L5-HC070097_AAACATCG_L001_R1_002.fastq.gz;/fh/fast/bloom_j/SR/ngs/illumina/reguia/190725_D00300_0788_AH3JCJBCX3_lane1/Unaligned/Project_reguia/Sample_L5-HC070097/L5-HC070097_AAACATCG_L001_R1_001.fastq.gz,
L5-HC070021,HC070021,lib2,7/29/19,0.0004,4.46,/fh/fast/bloom_j/SR/ngs/illumina/reguia/190725_D00300_0788_AH3JCJBCX3_lane1/Unaligned/Project_reguia/Sample_L5-HC070021/L5-HC070021_ATGCCTAA_L001_R1_001.fastq.gz;/fh/fast/bloom_j/SR/ngs/illumina/reguia/190725_D00300_0788_AH3JCJBCX3_lane1/Unaligned/Project_reguia/Sample_L5-HC070021/L5-HC070021_ATGCCTAA_L001_R1_003.fastq.gz;/fh/fast/bloom_j/SR/ngs/illumina/reguia/190725_D00300_0788_AH3JCJBCX3_lane1/Unaligned/Project_reguia/Sample_L5-HC070021/L5-HC070021_ATGCCTAA_L001_R1_002.fastq.gz,
L5-HC070041,HC070041,lib2,7/29/19,0.000625,2.02,/fh/fast/bloom_j/SR/ngs/illumina/reguia/190725_D00300_0788_AH3JCJBCX3_lane1/Unaligned/Project_reguia/Sample_L5-HC070041/L5-HC070041_AGTGGTCA_L001_R1_001.fastq.gz;/fh/fast/bloom_j/SR/ngs/illumina/reguia/190725_D00300_0788_AH3JCJBCX3_lane1/Unaligned/Project_reguia/Sample_L5-HC070041/L5-HC070041_AGTGGTCA_L001_R1_002.fastq.gz,
L5-HC150036,HC150036,lib2,7/29/19,0.00075,3.0,/fh/fast/bloom_j/SR/ngs/illumina/reguia/190725_D00300_0788_AH3JCJBCX3_lane1/Unaligned/Project_reguia/Sample_L5-HC150036/L5-HC150036_ACCACTGT_L001_R1_001.fastq.gz;/fh/fast/bloom_j/SR/ngs/illumina/reguia/190725_D00300_0788_AH3JCJBCX3_lane1/Unaligned/Project_reguia/Sample_L5-HC150036/L5-HC150036_ACCACTGT_L001_R1_003.fastq.gz;/fh/fast/bloom_j/SR/ngs/illumina/reguia/190725_D00300_0788_AH3JCJBCX3_lane1/Unaligned/Project_reguia/Sample_L5-HC150036/L5-HC150036_ACCACTGT_L001_R1_002.fastq.gz,
L5-HC150044,HC150044,lib2,7/29/19,0.00075,7.88,/fh/fast/bloom_j/SR/ngs/illumina/reguia/190725_D00300_0788_AH3JCJBCX3_lane1/Unaligned/Project_reguia/Sample_L5-HC150044/L5-HC150044_ACATTGGC_L001_R1_003.fastq.gz;/fh/fast/bloom_j/SR/ngs/illumina/reguia/190725_D00300_0788_AH3JCJBCX3_lane1/Unaligned/Project_reguia/Sample_L5-HC150044/L5-HC150044_ACATTGGC_L001_R1_002.fastq.gz;/fh/fast/bloom_j/SR/ngs/illumina/reguia/190725_D00300_0788_AH3JCJBCX3_lane1/Unaligned/Project_reguia/Sample_L5-HC150044/L5-HC150044_ACATTGGC_L001_R1_001.fastq.gz,
L5mock0729,mock,lib2,7/29/19,,,/fh/fast/bloom_j/SR/ngs/illumina/reguia/190725_D00300_0788_AH3JCJBCX3_lane1/Unaligned/Project_reguia/Sample_L5mock/L5mock_GCCACATA_L001_R1_001.fastq.gz;/fh/fast/bloom_j/SR/ngs/illumina/reguia/190725_D00300_0788_AH3JCJBCX3_lane1/Unaligned/Project_reguia/Sample_L5mock/L5mock_GCCACATA_L001_R1_003.fastq.gz;/fh/fast/bloom_j/SR/ngs/illumina/reguia/190725_D00300_0788_AH3JCJBCX3_lane1/Unaligned/Project_reguia/Sample_L5mock/L5mock_GCCACATA_L001_R1_002.fastq.gz,
WTplasmid0729,plasmid,lib2,7/29/19,,,/fh/fast/bloom_j/SR/ngs/illumina/reguia/190725_D00300_0788_AH3JCJBCX3_lane1/Unaligned/Project_reguia/Sample_WTplasmid/WTplasmid_GCTAACGA_L001_R1_003.fastq.gz;/fh/fast/bloom_j/SR/ngs/illumina/reguia/190725_D00300_0788_AH3JCJBCX3_lane1/Unaligned/Project_reguia/Sample_WTplasmid/WTplasmid_GCTAACGA_L001_R1_001.fastq.gz;/fh/fast/bloom_j/SR/ngs/illumina/reguia/190725_D00300_0788_AH3JCJBCX3_lane1/Unaligned/Project_reguia/Sample_WTplasmid/WTplasmid_GCTAACGA_L001_R1_002.fastq.gz,
L4-HC070021,HC070021,lib1,10/18/19,0.00030625,3.82,/fh/fast/bloom_j/SR/ngs/illumina/reguia/191015_D00300_0838_AH5HC7BCX3/Unaligned/Project_reguia/Sample_L4-HC070021/L4-HC070021_GCTAACGA_L001_R1_001.fastq.gz;/fh/fast/bloom_j/SR/ngs/illumina/reguia/191015_D00300_0838_AH5HC7BCX3/Unaligned/Project_reguia/Sample_L4-HC070021/L4-HC070021_GCTAACGA_L002_R1_001.fastq.gz;/fh/fast/bloom_j/SR/ngs/illumina/reguia/191015_D00300_0838_AH5HC7BCX3/Unaligned/Project_reguia/Sample_L4-HC070021/L4-HC070021_GCTAACGA_L001_R1_002.fastq.gz;/fh/fast/bloom_j/SR/ngs/illumina/reguia/191015_D00300_0838_AH5HC7BCX3/Unaligned/Project_reguia/Sample_L4-HC070021/L4-HC070021_GCTAACGA_L002_R1_002.fastq.gz,
L4-HC070041,HC070041,lib1,10/18/19,0.0004375,2.25,/fh/fast/bloom_j/SR/ngs/illumina/reguia/191015_D00300_0838_AH5HC7BCX3/Unaligned/Project_reguia/Sample_L4-HC070041/L4-HC070041_GCTCGGTA_L001_R1_001.fastq.gz;/fh/fast/bloom_j/SR/ngs/illumina/reguia/191015_D00300_0838_AH5HC7BCX3/Unaligned/Project_reguia/Sample_L4-HC070041/L4-HC070041_GCTCGGTA_L002_R1_001.fastq.gz;/fh/fast/bloom_j/SR/ngs/illumina/reguia/191015_D00300_0838_AH5HC7BCX3/Unaligned/Project_reguia/Sample_L4-HC070041/L4-HC070041_GCTCGGTA_L001_R1_002.fastq.gz;/fh/fast/bloom_j/SR/ngs/illumina/reguia/191015_D00300_0838_AH5HC7BCX3/Unaligned/Project_reguia/Sample_L4-HC070041/L4-HC070041_GCTCGGTA_L002_R1_002.fastq.gz,
L4-HC070097a,HC070097,lib1,10/18/19,0.0002807,8.1,/fh/fast/bloom_j/SR/ngs/illumina/reguia/191015_D00300_0838_AH5HC7BCX3/Unaligned/Project_reguia/Sample_L4-HC070097a/L4-HC070097a_GCCACATA_L001_R1_002.fastq.gz;/fh/fast/bloom_j/SR/ngs/illumina/reguia/191015_D00300_0838_AH5HC7BCX3/Unaligned/Project_reguia/Sample_L4-HC070097a/L4-HC070097a_GCCACATA_L001_R1_001.fastq.gz;/fh/fast/bloom_j/SR/ngs/illumina/reguia/191015_D00300_0838_AH5HC7BCX3/Unaligned/Project_reguia/Sample_L4-HC070097a/L4-HC070097a_GCCACATA_L002_R1_001.fastq.gz;/fh/fast/bloom_j/SR/ngs/illumina/reguia/191015_D00300_0838_AH5HC7BCX3/Unaligned/Project_reguia/Sample_L4-HC070097a/L4-HC070097a_GCCACATA_L002_R1_002.fastq.gz,
L4-HC070097b,HC070097,lib1,10/18/19,0.000401,1.77,/fh/fast/bloom_j/SR/ngs/illumina/reguia/191015_D00300_0838_AH5HC7BCX3/Unaligned/Project_reguia/Sample_L4-HC070097b/L4-HC070097b_GCGAGTAA_L002_R1_001.fastq.gz;/fh/fast/bloom_j/SR/ngs/illumina/reguia/191015_D00300_0838_AH5HC7BCX3/Unaligned/Project_reguia/Sample_L4-HC070097b/L4-HC070097b_GCGAGTAA_L001_R1_001.fastq.gz,
L4-HC150036,HC150036,lib1,10/18/19,0.00075,0.9,/fh/fast/bloom_j/SR/ngs/illumina/reguia/191015_D00300_0838_AH5HC7BCX3/Unaligned/Project_reguia/Sample_L4-HC150036/L4-HC150036_CAAGACTA_L001_R1_002.fastq.gz;/fh/fast/bloom_j/SR/ngs/illumina/reguia/191015_D00300_0838_AH5HC7BCX3/Unaligned/Project_reguia/Sample_L4-HC150036/L4-HC150036_CAAGACTA_L001_R1_001.fastq.gz;/fh/fast/bloom_j/SR/ngs/illumina/reguia/191015_D00300_0838_AH5HC7BCX3/Unaligned/Project_reguia/Sample_L4-HC150036/L4-HC150036_CAAGACTA_L002_R1_002.fastq.gz;/fh/fast/bloom_j/SR/ngs/illumina/reguia/191015_D00300_0838_AH5HC7BCX3/Unaligned/Project_reguia/Sample_L4-HC150036/L4-HC150036_CAAGACTA_L002_R1_001.fastq.gz,
L4-HC150044,HC150044,lib1,10/18/19,0.00075,3.87,/fh/fast/bloom_j/SR/ngs/illumina/reguia/191015_D00300_0838_AH5HC7BCX3/Unaligned/Project_reguia/Sample_L4-HC150044/L4-HC150044_GAGCTGAA_L002_R1_001.fastq.gz;/fh/fast/bloom_j/SR/ngs/illumina/reguia/191015_D00300_0838_AH5HC7BCX3/Unaligned/Project_reguia/Sample_L4-HC150044/L4-HC150044_GAGCTGAA_L001_R1_001.fastq.gz,
L6-HC070021,HC070021,lib3,10/18/19,0.0008,0.93,/fh/fast/bloom_j/SR/ngs/illumina/reguia/191015_D00300_0838_AH5HC7BCX3/Unaligned/Project_reguia/Sample_L6-HC070021/L6-HC070021_ACATTGGC_L001_R1_001.fastq.gz;/fh/fast/bloom_j/SR/ngs/illumina/reguia/191015_D00300_0838_AH5HC7BCX3/Unaligned/Project_reguia/Sample_L6-HC070021/L6-HC070021_ACATTGGC_L002_R1_002.fastq.gz;/fh/fast/bloom_j/SR/ngs/illumina/reguia/191015_D00300_0838_AH5HC7BCX3/Unaligned/Project_reguia/Sample_L6-HC070021/L6-HC070021_ACATTGGC_L002_R1_001.fastq.gz;/fh/fast/bloom_j/SR/ngs/illumina/reguia/191015_D00300_0838_AH5HC7BCX3/Unaligned/Project_reguia/Sample_L6-HC070021/L6-HC070021_ACATTGGC_L001_R1_002.fastq.gz,
L6-HC070041a,HC070041,lib3,10/18/19,0.00075,9.99,/fh/fast/bloom_j/SR/ngs/illumina/reguia/191015_D00300_0838_AH5HC7BCX3/Unaligned/Project_reguia/Sample_L6-HC070041a/L6-HC070041a_AGTGGTCA_L002_R1_002.fastq.gz;/fh/fast/bloom_j/SR/ngs/illumina/reguia/191015_D00300_0838_AH5HC7BCX3/Unaligned/Project_reguia/Sample_L6-HC070041a/L6-HC070041a_AGTGGTCA_L001_R1_001.fastq.gz;/fh/fast/bloom_j/SR/ngs/illumina/reguia/191015_D00300_0838_AH5HC7BCX3/Unaligned/Project_reguia/Sample_L6-HC070041a/L6-HC070041a_AGTGGTCA_L001_R1_002.fastq.gz;/fh/fast/bloom_j/SR/ngs/illumina/reguia/191015_D00300_0838_AH5HC7BCX3/Unaligned/Project_reguia/Sample_L6-HC070041a/L6-HC070041a_AGTGGTCA_L002_R1_001.fastq.gz,
L6-HC070041b,HC070041,lib3,10/18/19,0.0009375,3.43,/fh/fast/bloom_j/SR/ngs/illumina/reguia/191015_D00300_0838_AH5HC7BCX3/Unaligned/Project_reguia/Sample_L6-HC070041b/L6-HC070041b_CAGATCTG_L002_R1_001.fastq.gz;/fh/fast/bloom_j/SR/ngs/illumina/reguia/191015_D00300_0838_AH5HC7BCX3/Unaligned/Project_reguia/Sample_L6-HC070041b/L6-HC070041b_CAGATCTG_L001_R1_002.fastq.gz;/fh/fast/bloom_j/SR/ngs/illumina/reguia/191015_D00300_0838_AH5HC7BCX3/Unaligned/Project_reguia/Sample_L6-HC070041b/L6-HC070041b_CAGATCTG_L002_R1_002.fastq.gz;/fh/fast/bloom_j/SR/ngs/illumina/reguia/191015_D00300_0838_AH5HC7BCX3/Unaligned/Project_reguia/Sample_L6-HC070041b/L6-HC070041b_CAGATCTG_L001_R1_001.fastq.gz,
L6-HC070097a,HC070097,lib3,10/18/19,0.000401,3.36,/fh/fast/bloom_j/SR/ngs/illumina/reguia/191015_D00300_0838_AH5HC7BCX3/Unaligned/Project_reguia/Sample_L6-HC070097a/L6-HC070097a_AAACATCG_L002_R1_001.fastq.gz;/fh/fast/bloom_j/SR/ngs/illumina/reguia/191015_D00300_0838_AH5HC7BCX3/Unaligned/Project_reguia/Sample_L6-HC070097a/L6-HC070097a_AAACATCG_L001_R1_001.fastq.gz;/fh/fast/bloom_j/SR/ngs/illumina/reguia/191015_D00300_0838_AH5HC7BCX3/Unaligned/Project_reguia/Sample_L6-HC070097a/L6-HC070097a_AAACATCG_L002_R1_002.fastq.gz;/fh/fast/bloom_j/SR/ngs/illumina/reguia/191015_D00300_0838_AH5HC7BCX3/Unaligned/Project_reguia/Sample_L6-HC070097a/L6-HC070097a_AAACATCG_L001_R1_002.fastq.gz,
L6-HC070097b,HC070097,lib3,10/18/19,0.0004799999999999,4.47,/fh/fast/bloom_j/SR/ngs/illumina/reguia/191015_D00300_0838_AH5HC7BCX3/Unaligned/Project_reguia/Sample_L6-HC070097b/L6-HC070097b_ATGCCTAA_L001_R1_001.fastq.gz;/fh/fast/bloom_j/SR/ngs/illumina/reguia/191015_D00300_0838_AH5HC7BCX3/Unaligned/Project_reguia/Sample_L6-HC070097b/L6-HC070097b_ATGCCTAA_L002_R1_001.fastq.gz;/fh/fast/bloom_j/SR/ngs/illumina/reguia/191015_D00300_0838_AH5HC7BCX3/Unaligned/Project_reguia/Sample_L6-HC070097b/L6-HC070097b_ATGCCTAA_L001_R1_002.fastq.gz;/fh/fast/bloom_j/SR/ngs/illumina/reguia/191015_D00300_0838_AH5HC7BCX3/Unaligned/Project_reguia/Sample_L6-HC070097b/L6-HC070097b_ATGCCTAA_L002_R1_002.fastq.gz,
L6-HC150036a,HC150036,lib3,10/18/19,0.001125,9.42,/fh/fast/bloom_j/SR/ngs/illumina/reguia/191015_D00300_0838_AH5HC7BCX3/Unaligned/Project_reguia/Sample_L6-HC150036a/L6-HC150036a_CATCAAGT_L002_R1_001.fastq.gz;/fh/fast/bloom_j/SR/ngs/illumina/reguia/191015_D00300_0838_AH5HC7BCX3/Unaligned/Project_reguia/Sample_L6-HC150036a/L6-HC150036a_CATCAAGT_L002_R1_002.fastq.gz;/fh/fast/bloom_j/SR/ngs/illumina/reguia/191015_D00300_0838_AH5HC7BCX3/Unaligned/Project_reguia/Sample_L6-HC150036a/L6-HC150036a_CATCAAGT_L001_R1_001.fastq.gz;/fh/fast/bloom_j/SR/ngs/illumina/reguia/191015_D00300_0838_AH5HC7BCX3/Unaligned/Project_reguia/Sample_L6-HC150036a/L6-HC150036a_CATCAAGT_L001_R1_002.fastq.gz,
L6-HC150036b,HC150036,lib3,10/18/19,0.0015,0.56,/fh/fast/bloom_j/SR/ngs/illumina/reguia/191015_D00300_0838_AH5HC7BCX3/Unaligned/Project_reguia/Sample_L6-HC150036b/L6-HC150036b_CGCTGATC_L001_R1_001.fastq.gz;/fh/fast/bloom_j/SR/ngs/illumina/reguia/191015_D00300_0838_AH5HC7BCX3/Unaligned/Project_reguia/Sample_L6-HC150036b/L6-HC150036b_CGCTGATC_L001_R1_002.fastq.gz;/fh/fast/bloom_j/SR/ngs/illumina/reguia/191015_D00300_0838_AH5HC7BCX3/Unaligned/Project_reguia/Sample_L6-HC150036b/L6-HC150036b_CGCTGATC_L002_R1_002.fastq.gz;/fh/fast/bloom_j/SR/ngs/illumina/reguia/191015_D00300_0838_AH5HC7BCX3/Unaligned/Project_reguia/Sample_L6-HC150036b/L6-HC150036b_CGCTGATC_L002_R1_001.fastq.gz,
L6-HC150044,HC150044,lib3,10/18/19,0.0015,5.66,/fh/fast/bloom_j/SR/ngs/illumina/reguia/191015_D00300_0838_AH5HC7BCX3/Unaligned/Project_reguia/Sample_L6-HC150044/L6-HC150044_GAATCTGA_L001_R1_001.fastq.gz;/fh/fast/bloom_j/SR/ngs/illumina/reguia/191015_D00300_0838_AH5HC7BCX3/Unaligned/Project_reguia/Sample_L6-HC150044/L6-HC150044_GAATCTGA_L001_R1_002.fastq.gz;/fh/fast/bloom_j/SR/ngs/illumina/reguia/191015_D00300_0838_AH5HC7BCX3/Unaligned/Project_reguia/Sample_L6-HC150044/L6-HC150044_GAATCTGA_L002_R1_001.fastq.gz;/fh/fast/bloom_j/SR/ngs/illumina/reguia/191015_D00300_0838_AH5HC7BCX3/Unaligned/Project_reguia/Sample_L6-HC150044/L6-HC150044_GAATCTGA_L002_R1_002.fastq.gz,
Lib4bmock1018,mock,lib1,10/18/19,,,/fh/fast/bloom_j/SR/ngs/illumina/reguia/191015_D00300_0838_AH5HC7BCX3/Unaligned/Project_reguia/Sample_Lib4bmock/Lib4bmock_TAGGATGA_L001_R1_002.fastq.gz;/fh/fast/bloom_j/SR/ngs/illumina/reguia/191015_D00300_0838_AH5HC7BCX3/Unaligned/Project_reguia/Sample_Lib4bmock/Lib4bmock_TAGGATGA_L002_R1_002.fastq.gz;/fh/fast/bloom_j/SR/ngs/illumina/reguia/191015_D00300_0838_AH5HC7BCX3/Unaligned/Project_reguia/Sample_Lib4bmock/Lib4bmock_TAGGATGA_L001_R1_001.fastq.gz;/fh/fast/bloom_j/SR/ngs/illumina/reguia/191015_D00300_0838_AH5HC7BCX3/Unaligned/Project_reguia/Sample_Lib4bmock/Lib4bmock_TAGGATGA_L002_R1_001.fastq.gz,
Lib5mock1018,mock,lib2,10/18/19,,,/fh/fast/bloom_j/SR/ngs/illumina/reguia/191015_D00300_0838_AH5HC7BCX3/Unaligned/Project_reguia/Sample_Lib5mock/Lib5mock_TATCAGCA_L001_R1_002.fastq.gz;/fh/fast/bloom_j/SR/ngs/illumina/reguia/191015_D00300_0838_AH5HC7BCX3/Unaligned/Project_reguia/Sample_Lib5mock/Lib5mock_TATCAGCA_L002_R1_001.fastq.gz;/fh/fast/bloom_j/SR/ngs/illumina/reguia/191015_D00300_0838_AH5HC7BCX3/Unaligned/Project_reguia/Sample_Lib5mock/Lib5mock_TATCAGCA_L001_R1_001.fastq.gz;/fh/fast/bloom_j/SR/ngs/illumina/reguia/191015_D00300_0838_AH5HC7BCX3/Unaligned/Project_reguia/Sample_Lib5mock/Lib5mock_TATCAGCA_L002_R1_002.fastq.gz,
Lib6mock1018,mock,lib3,10/18/19,,,/fh/fast/bloom_j/SR/ngs/illumina/reguia/191015_D00300_0838_AH5HC7BCX3/Unaligned/Project_reguia/Sample_Lib6mock/Lib6mock_TCCGTCTA_L002_R1_002.fastq.gz;/fh/fast/bloom_j/SR/ngs/illumina/reguia/191015_D00300_0838_AH5HC7BCX3/Unaligned/Project_reguia/Sample_Lib6mock/Lib6mock_TCCGTCTA_L001_R1_002.fastq.gz;/fh/fast/bloom_j/SR/ngs/illumina/reguia/191015_D00300_0838_AH5HC7BCX3/Unaligned/Project_reguia/Sample_Lib6mock/Lib6mock_TCCGTCTA_L001_R1_001.fastq.gz;/fh/fast/bloom_j/SR/ngs/illumina/reguia/191015_D00300_0838_AH5HC7BCX3/Unaligned/Project_reguia/Sample_Lib6mock/Lib6mock_TCCGTCTA_L002_R1_001.fastq.gz,
WTplasmid1018lib1,plasmid,lib1,10/18/19,,,/fh/fast/bloom_j/SR/ngs/illumina/reguia/191015_D00300_0838_AH5HC7BCX3/Unaligned/Project_reguia/Sample_WTplasmid/WTplasmid_TCTTCACA_L001_R1_002.fastq.gz;/fh/fast/bloom_j/SR/ngs/illumina/reguia/191015_D00300_0838_AH5HC7BCX3/Unaligned/Project_reguia/Sample_WTplasmid/WTplasmid_TCTTCACA_L002_R1_002.fastq.gz;/fh/fast/bloom_j/SR/ngs/illumina/reguia/191015_D00300_0838_AH5HC7BCX3/Unaligned/Project_reguia/Sample_WTplasmid/WTplasmid_TCTTCACA_L001_R1_001.fastq.gz;/fh/fast/bloom_j/SR/ngs/illumina/reguia/191015_D00300_0838_AH5HC7BCX3/Unaligned/Project_reguia/Sample_WTplasmid/WTplasmid_TCTTCACA_L002_R1_001.fastq.gz,
WTplasmid1018lib3,plasmid,lib3,10/18/19,,,/fh/fast/bloom_j/SR/ngs/illumina/reguia/191015_D00300_0838_AH5HC7BCX3/Unaligned/Project_reguia/Sample_WTplasmid/WTplasmid_TCTTCACA_L001_R1_002.fastq.gz;/fh/fast/bloom_j/SR/ngs/illumina/reguia/191015_D00300_0838_AH5HC7BCX3/Unaligned/Project_reguia/Sample_WTplasmid/WTplasmid_TCTTCACA_L002_R1_002.fastq.gz;/fh/fast/bloom_j/SR/ngs/illumina/reguia/191015_D00300_0838_AH5HC7BCX3/Unaligned/Project_reguia/Sample_WTplasmid/WTplasmid_TCTTCACA_L001_R1_001.fastq.gz;/fh/fast/bloom_j/SR/ngs/illumina/reguia/191015_D00300_0838_AH5HC7BCX3/Unaligned/Project_reguia/Sample_WTplasmid/WTplasmid_TCTTCACA_L002_R1_001.fastq.gz,
L5-HC080043,HC080043,lib2,1/24/20,0.0034799999999999,2.03,/fh/fast/bloom_j/SR/ngs/illumina/reguia/200124_D00300_0895_BHCHKMBCX3/Unaligned/Project_reguia/Sample_L5-HC080043/L5-HC080043_AAACATCG_L001_R1_002.fastq.gz;/fh/fast/bloom_j/SR/ngs/illumina/reguia/200124_D00300_0895_BHCHKMBCX3/Unaligned/Project_reguia/Sample_L5-HC080043/L5-HC080043_AAACATCG_L001_R1_001.fastq.gz;/fh/fast/bloom_j/SR/ngs/illumina/reguia/200124_D00300_0895_BHCHKMBCX3/Unaligned/Project_reguia/Sample_L5-HC080043/L5-HC080043_AAACATCG_L002_R1_001.fastq.gz;/fh/fast/bloom_j/SR/ngs/illumina/reguia/200124_D00300_0895_BHCHKMBCX3/Unaligned/Project_reguia/Sample_L5-HC080043/L5-HC080043_AAACATCG_L002_R1_002.fastq.gz,
L5-HC120043,HC120043,lib2,1/24/20,0.00175,1.3,/fh/fast/bloom_j/SR/ngs/illumina/reguia/200124_D00300_0895_BHCHKMBCX3/Unaligned/Project_reguia/Sample_L5-HC120043/L5-HC120043_ATGCCTAA_L001_R1_001.fastq.gz;/fh/fast/bloom_j/SR/ngs/illumina/reguia/200124_D00300_0895_BHCHKMBCX3/Unaligned/Project_reguia/Sample_L5-HC120043/L5-HC120043_ATGCCTAA_L002_R1_001.fastq.gz;/fh/fast/bloom_j/SR/ngs/illumina/reguia/200124_D00300_0895_BHCHKMBCX3/Unaligned/Project_reguia/Sample_L5-HC120043/L5-HC120043_ATGCCTAA_L002_R1_002.fastq.gz;/fh/fast/bloom_j/SR/ngs/illumina/reguia/200124_D00300_0895_BHCHKMBCX3/Unaligned/Project_reguia/Sample_L5-HC120043/L5-HC120043_ATGCCTAA_L001_R1_002.fastq.gz,
L5-HC070072,HC070072,lib2,1/24/20,0.00406,1.07,/fh/fast/bloom_j/SR/ngs/illumina/reguia/200124_D00300_0895_BHCHKMBCX3/Unaligned/Project_reguia/Sample_L5-HC070072/L5-HC070072_AGTGGTCA_L001_R1_002.fastq.gz;/fh/fast/bloom_j/SR/ngs/illumina/reguia/200124_D00300_0895_BHCHKMBCX3/Unaligned/Project_reguia/Sample_L5-HC070072/L5-HC070072_AGTGGTCA_L001_R1_001.fastq.gz;/fh/fast/bloom_j/SR/ngs/illumina/reguia/200124_D00300_0895_BHCHKMBCX3/Unaligned/Project_reguia/Sample_L5-HC070072/L5-HC070072_AGTGGTCA_L002_R1_001.fastq.gz;/fh/fast/bloom_j/SR/ngs/illumina/reguia/200124_D00300_0895_BHCHKMBCX3/Unaligned/Project_reguia/Sample_L5-HC070072/L5-HC070072_AGTGGTCA_L002_R1_002.fastq.gz,
L5-HC080054,HC080054,lib2,1/24/20,0.001347,10.64,/fh/fast/bloom_j/SR/ngs/illumina/reguia/200124_D00300_0895_BHCHKMBCX3/Unaligned/Project_reguia/Sample_L5-HC080054/L5-HC080054_ACATTGGC_L001_R1_003.fastq.gz;/fh/fast/bloom_j/SR/ngs/illumina/reguia/200124_D00300_0895_BHCHKMBCX3/Unaligned/Project_reguia/Sample_L5-HC080054/L5-HC080054_ACATTGGC_L001_R1_001.fastq.gz;/fh/fast/bloom_j/SR/ngs/illumina/reguia/200124_D00300_0895_BHCHKMBCX3/Unaligned/Project_reguia/Sample_L5-HC080054/L5-HC080054_ACATTGGC_L001_R1_002.fastq.gz;/fh/fast/bloom_j/SR/ngs/illumina/reguia/200124_D00300_0895_BHCHKMBCX3/Unaligned/Project_reguia/Sample_L5-HC080054/L5-HC080054_ACATTGGC_L002_R1_001.fastq.gz;/fh/fast/bloom_j/SR/ngs/illumina/reguia/200124_D00300_0895_BHCHKMBCX3/Unaligned/Project_reguia/Sample_L5-HC080054/L5-HC080054_ACATTGGC_L002_R1_002.fastq.gz;/fh/fast/bloom_j/SR/ngs/illumina/reguia/200124_D00300_0895_BHCHKMBCX3/Unaligned/Project_reguia/Sample_L5-HC080054/L5-HC080054_ACATTGGC_L002_R1_003.fastq.gz,
L5-HC150108,HC150108,lib2,1/24/20,0.00321,1.24,/fh/fast/bloom_j/SR/ngs/illumina/reguia/200124_D00300_0895_BHCHKMBCX3/Unaligned/Project_reguia/Sample_L5-HC150108/L5-HC150108_CAGATCTG_L002_R1_002.fastq.gz;/fh/fast/bloom_j/SR/ngs/illumina/reguia/200124_D00300_0895_BHCHKMBCX3/Unaligned/Project_reguia/Sample_L5-HC150108/L5-HC150108_CAGATCTG_L001_R1_002.fastq.gz;/fh/fast/bloom_j/SR/ngs/illumina/reguia/200124_D00300_0895_BHCHKMBCX3/Unaligned/Project_reguia/Sample_L5-HC150108/L5-HC150108_CAGATCTG_L002_R1_001.fastq.gz;/fh/fast/bloom_j/SR/ngs/illumina/reguia/200124_D00300_0895_BHCHKMBCX3/Unaligned/Project_reguia/Sample_L5-HC150108/L5-HC150108_CAGATCTG_L001_R1_001.fastq.gz,
L5-HC060002,HC060002,lib2,1/24/20,0.0008869999999999,9.87,/fh/fast/bloom_j/SR/ngs/illumina/reguia/200124_D00300_0895_BHCHKMBCX3/Unaligned/Project_reguia/Sample_L5-HC060002/L5-HC060002_CATCAAGT_L002_R1_001.fastq.gz;/fh/fast/bloom_j/SR/ngs/illumina/reguia/200124_D00300_0895_BHCHKMBCX3/Unaligned/Project_reguia/Sample_L5-HC060002/L5-HC060002_CATCAAGT_L001_R1_001.fastq.gz,
L5-HC140028,HC140028,lib2,1/24/20,0.0010869999999999,4.06,/fh/fast/bloom_j/SR/ngs/illumina/reguia/200124_D00300_0895_BHCHKMBCX3/Unaligned/Project_reguia/Sample_L5-HC140028/L5-HC140028_CGCTGATC_L002_R1_002.fastq.gz;/fh/fast/bloom_j/SR/ngs/illumina/reguia/200124_D00300_0895_BHCHKMBCX3/Unaligned/Project_reguia/Sample_L5-HC140028/L5-HC140028_CGCTGATC_L001_R1_002.fastq.gz;/fh/fast/bloom_j/SR/ngs/illumina/reguia/200124_D00300_0895_BHCHKMBCX3/Unaligned/Project_reguia/Sample_L5-HC140028/L5-HC140028_CGCTGATC_L002_R1_001.fastq.gz;/fh/fast/bloom_j/SR/ngs/illumina/reguia/200124_D00300_0895_BHCHKMBCX3/Unaligned/Project_reguia/Sample_L5-HC140028/L5-HC140028_CGCTGATC_L001_R1_001.fastq.gz,
L4-HC150108,HC150108,lib1,1/24/20,0.00214,3.69,/fh/fast/bloom_j/SR/ngs/illumina/reguia/200124_D00300_0895_BHCHKMBCX3/Unaligned/Project_reguia/Sample_L4-HC150108/L4-HC150108_GAATCTGA_L002_R1_002.fastq.gz;/fh/fast/bloom_j/SR/ngs/illumina/reguia/200124_D00300_0895_BHCHKMBCX3/Unaligned/Project_reguia/Sample_L4-HC150108/L4-HC150108_GAATCTGA_L001_R1_001.fastq.gz;/fh/fast/bloom_j/SR/ngs/illumina/reguia/200124_D00300_0895_BHCHKMBCX3/Unaligned/Project_reguia/Sample_L4-HC150108/L4-HC150108_GAATCTGA_L001_R1_002.fastq.gz;/fh/fast/bloom_j/SR/ngs/illumina/reguia/200124_D00300_0895_BHCHKMBCX3/Unaligned/Project_reguia/Sample_L4-HC150108/L4-HC150108_GAATCTGA_L002_R1_001.fastq.gz,
L4-HC120043,HC120043,lib1,1/24/20,0.001167,4.69,/fh/fast/bloom_j/SR/ngs/illumina/reguia/200124_D00300_0895_BHCHKMBCX3/Unaligned/Project_reguia/Sample_L4-HC120043/L4-HC120043_GAGCTGAA_L002_R1_001.fastq.gz;/fh/fast/bloom_j/SR/ngs/illumina/reguia/200124_D00300_0895_BHCHKMBCX3/Unaligned/Project_reguia/Sample_L4-HC120043/L4-HC120043_GAGCTGAA_L001_R1_001.fastq.gz;/fh/fast/bloom_j/SR/ngs/illumina/reguia/200124_D00300_0895_BHCHKMBCX3/Unaligned/Project_reguia/Sample_L4-HC120043/L4-HC120043_GAGCTGAA_L002_R1_002.fastq.gz;/fh/fast/bloom_j/SR/ngs/illumina/reguia/200124_D00300_0895_BHCHKMBCX3/Unaligned/Project_reguia/Sample_L4-HC120043/L4-HC120043_GAGCTGAA_L001_R1_002.fastq.gz,
L4-HC070072,HC070072,lib1,1/24/20,0.00203,5.63,/fh/fast/bloom_j/SR/ngs/illumina/reguia/200124_D00300_0895_BHCHKMBCX3/Unaligned/Project_reguia/Sample_L4-HC070072/L4-HC070072_GATAGACA_L002_R1_002.fastq.gz;/fh/fast/bloom_j/SR/ngs/illumina/reguia/200124_D00300_0895_BHCHKMBCX3/Unaligned/Project_reguia/Sample_L4-HC070072/L4-HC070072_GATAGACA_L002_R1_001.fastq.gz;/fh/fast/bloom_j/SR/ngs/illumina/reguia/200124_D00300_0895_BHCHKMBCX3/Unaligned/Project_reguia/Sample_L4-HC070072/L4-HC070072_GATAGACA_L001_R1_002.fastq.gz;/fh/fast/bloom_j/SR/ngs/illumina/reguia/200124_D00300_0895_BHCHKMBCX3/Unaligned/Project_reguia/Sample_L4-HC070072/L4-HC070072_GATAGACA_L001_R1_001.fastq.gz,
L4-HC080054,HC080054,lib1,1/24/20,0.001347,5.49,/fh/fast/bloom_j/SR/ngs/illumina/reguia/200124_D00300_0895_BHCHKMBCX3/Unaligned/Project_reguia/Sample_L4-HC080054/L4-HC080054_GCCACATA_L001_R1_001.fastq.gz;/fh/fast/bloom_j/SR/ngs/illumina/reguia/200124_D00300_0895_BHCHKMBCX3/Unaligned/Project_reguia/Sample_L4-HC080054/L4-HC080054_GCCACATA_L002_R1_001.fastq.gz;/fh/fast/bloom_j/SR/ngs/illumina/reguia/200124_D00300_0895_BHCHKMBCX3/Unaligned/Project_reguia/Sample_L4-HC080054/L4-HC080054_GCCACATA_L001_R1_002.fastq.gz;/fh/fast/bloom_j/SR/ngs/illumina/reguia/200124_D00300_0895_BHCHKMBCX3/Unaligned/Project_reguia/Sample_L4-HC080054/L4-HC080054_GCCACATA_L002_R1_002.fastq.gz,
L4-HC080043,HC080043,lib1,1/24/20,0.00232,2.63,/fh/fast/bloom_j/SR/ngs/illumina/reguia/200124_D00300_0895_BHCHKMBCX3/Unaligned/Project_reguia/Sample_L4-HC080043/L4-HC080043_GCGAGTAA_L001_R1_002.fastq.gz;/fh/fast/bloom_j/SR/ngs/illumina/reguia/200124_D00300_0895_BHCHKMBCX3/Unaligned/Project_reguia/Sample_L4-HC080043/L4-HC080043_GCGAGTAA_L002_R1_001.fastq.gz;/fh/fast/bloom_j/SR/ngs/illumina/reguia/200124_D00300_0895_BHCHKMBCX3/Unaligned/Project_reguia/Sample_L4-HC080043/L4-HC080043_GCGAGTAA_L001_R1_001.fastq.gz;/fh/fast/bloom_j/SR/ngs/illumina/reguia/200124_D00300_0895_BHCHKMBCX3/Unaligned/Project_reguia/Sample_L4-HC080043/L4-HC080043_GCGAGTAA_L002_R1_002.fastq.gz,
L4-HC060002,HC060002,lib1,1/24/20,0.0008869999999999,1.13,/fh/fast/bloom_j/SR/ngs/illumina/reguia/200124_D00300_0895_BHCHKMBCX3/Unaligned/Project_reguia/Sample_L4-HC060002/L4-HC060002_GCTAACGA_L001_R1_002.fastq.gz;/fh/fast/bloom_j/SR/ngs/illumina/reguia/200124_D00300_0895_BHCHKMBCX3/Unaligned/Project_reguia/Sample_L4-HC060002/L4-HC060002_GCTAACGA_L002_R1_002.fastq.gz;/fh/fast/bloom_j/SR/ngs/illumina/reguia/200124_D00300_0895_BHCHKMBCX3/Unaligned/Project_reguia/Sample_L4-HC060002/L4-HC060002_GCTAACGA_L002_R1_001.fastq.gz;/fh/fast/bloom_j/SR/ngs/illumina/reguia/200124_D00300_0895_BHCHKMBCX3/Unaligned/Project_reguia/Sample_L4-HC060002/L4-HC060002_GCTAACGA_L001_R1_001.fastq.gz,
L4-HC140028,HC140028,lib1,1/24/20,0.0010869999999999,0.98,/fh/fast/bloom_j/SR/ngs/illumina/reguia/200124_D00300_0895_BHCHKMBCX3/Unaligned/Project_reguia/Sample_L4-HC140028/L4-HC140028_GCTCGGTA_L002_R1_001.fastq.gz;/fh/fast/bloom_j/SR/ngs/illumina/reguia/200124_D00300_0895_BHCHKMBCX3/Unaligned/Project_reguia/Sample_L4-HC140028/L4-HC140028_GCTCGGTA_L002_R1_002.fastq.gz;/fh/fast/bloom_j/SR/ngs/illumina/reguia/200124_D00300_0895_BHCHKMBCX3/Unaligned/Project_reguia/Sample_L4-HC140028/L4-HC140028_GCTCGGTA_L001_R1_002.fastq.gz;/fh/fast/bloom_j/SR/ngs/illumina/reguia/200124_D00300_0895_BHCHKMBCX3/Unaligned/Project_reguia/Sample_L4-HC140028/L4-HC140028_GCTCGGTA_L001_R1_001.fastq.gz,
L6-HC080054,HC080054,lib3,1/24/20,0.00324,0.88,/fh/fast/bloom_j/SR/ngs/illumina/reguia/200124_D00300_0895_BHCHKMBCX3/Unaligned/Project_reguia/Sample_L6-HC080054/L6-HC080054_GGAGAACA_L002_R1_002.fastq.gz;/fh/fast/bloom_j/SR/ngs/illumina/reguia/200124_D00300_0895_BHCHKMBCX3/Unaligned/Project_reguia/Sample_L6-HC080054/L6-HC080054_GGAGAACA_L001_R1_002.fastq.gz;/fh/fast/bloom_j/SR/ngs/illumina/reguia/200124_D00300_0895_BHCHKMBCX3/Unaligned/Project_reguia/Sample_L6-HC080054/L6-HC080054_GGAGAACA_L001_R1_001.fastq.gz;/fh/fast/bloom_j/SR/ngs/illumina/reguia/200124_D00300_0895_BHCHKMBCX3/Unaligned/Project_reguia/Sample_L6-HC080054/L6-HC080054_GGAGAACA_L002_R1_001.fastq.gz,
L6-HC150108,HC150108,lib3,1/24/20,0.00325,8.33,/fh/fast/bloom_j/SR/ngs/illumina/reguia/200124_D00300_0895_BHCHKMBCX3/Unaligned/Project_reguia/Sample_L6-HC150108/L6-HC150108_GGTGCGAA_L001_R1_001.fastq.gz;/fh/fast/bloom_j/SR/ngs/illumina/reguia/200124_D00300_0895_BHCHKMBCX3/Unaligned/Project_reguia/Sample_L6-HC150108/L6-HC150108_GGTGCGAA_L002_R1_002.fastq.gz;/fh/fast/bloom_j/SR/ngs/illumina/reguia/200124_D00300_0895_BHCHKMBCX3/Unaligned/Project_reguia/Sample_L6-HC150108/L6-HC150108_GGTGCGAA_L001_R1_002.fastq.gz;/fh/fast/bloom_j/SR/ngs/illumina/reguia/200124_D00300_0895_BHCHKMBCX3/Unaligned/Project_reguia/Sample_L6-HC150108/L6-HC150108_GGTGCGAA_L002_R1_001.fastq.gz,
L6-HC080043,HC080043,lib3,1/24/20,0.00605,1.49,/fh/fast/bloom_j/SR/ngs/illumina/reguia/200124_D00300_0895_BHCHKMBCX3/Unaligned/Project_reguia/Sample_L6-HC080043/L6-HC080043_GTACGCAA_L002_R1_002.fastq.gz;/fh/fast/bloom_j/SR/ngs/illumina/reguia/200124_D00300_0895_BHCHKMBCX3/Unaligned/Project_reguia/Sample_L6-HC080043/L6-HC080043_GTACGCAA_L001_R1_002.fastq.gz;/fh/fast/bloom_j/SR/ngs/illumina/reguia/200124_D00300_0895_BHCHKMBCX3/Unaligned/Project_reguia/Sample_L6-HC080043/L6-HC080043_GTACGCAA_L002_R1_001.fastq.gz;/fh/fast/bloom_j/SR/ngs/illumina/reguia/200124_D00300_0895_BHCHKMBCX3/Unaligned/Project_reguia/Sample_L6-HC080043/L6-HC080043_GTACGCAA_L001_R1_001.fastq.gz,
L6-HC060002,HC060002,lib3,1/24/20,0.00178,1.15,/fh/fast/bloom_j/SR/ngs/illumina/reguia/200124_D00300_0895_BHCHKMBCX3/Unaligned/Project_reguia/Sample_L6-HC060002/L6-HC060002_GTCGTAGA_L002_R1_001.fastq.gz;/fh/fast/bloom_j/SR/ngs/illumina/reguia/200124_D00300_0895_BHCHKMBCX3/Unaligned/Project_reguia/Sample_L6-HC060002/L6-HC060002_GTCGTAGA_L002_R1_002.fastq.gz;/fh/fast/bloom_j/SR/ngs/illumina/reguia/200124_D00300_0895_BHCHKMBCX3/Unaligned/Project_reguia/Sample_L6-HC060002/L6-HC060002_GTCGTAGA_L001_R1_002.fastq.gz;/fh/fast/bloom_j/SR/ngs/illumina/reguia/200124_D00300_0895_BHCHKMBCX3/Unaligned/Project_reguia/Sample_L6-HC060002/L6-HC060002_GTCGTAGA_L001_R1_001.fastq.gz,
L6-HC140028,HC140028,lib3,1/24/20,0.00188,1.12,/fh/fast/bloom_j/SR/ngs/illumina/reguia/200124_D00300_0895_BHCHKMBCX3/Unaligned/Project_reguia/Sample_L6-HC140028/L6-HC140028_GTCTGTCA_L001_R1_002.fastq.gz;/fh/fast/bloom_j/SR/ngs/illumina/reguia/200124_D00300_0895_BHCHKMBCX3/Unaligned/Project_reguia/Sample_L6-HC140028/L6-HC140028_GTCTGTCA_L001_R1_001.fastq.gz;/fh/fast/bloom_j/SR/ngs/illumina/reguia/200124_D00300_0895_BHCHKMBCX3/Unaligned/Project_reguia/Sample_L6-HC140028/L6-HC140028_GTCTGTCA_L002_R1_002.fastq.gz;/fh/fast/bloom_j/SR/ngs/illumina/reguia/200124_D00300_0895_BHCHKMBCX3/Unaligned/Project_reguia/Sample_L6-HC140028/L6-HC140028_GTCTGTCA_L002_R1_001.fastq.gz,
L6-HC120043,HC120043,lib3,1/24/20,0.001707,4.29,/fh/fast/bloom_j/SR/ngs/illumina/reguia/200124_D00300_0895_BHCHKMBCX3/Unaligned/Project_reguia/Sample_L6-HC120043/L6-HC120043_GTGTTCTA_L001_R1_002.fastq.gz;/fh/fast/bloom_j/SR/ngs/illumina/reguia/200124_D00300_0895_BHCHKMBCX3/Unaligned/Project_reguia/Sample_L6-HC120043/L6-HC120043_GTGTTCTA_L002_R1_002.fastq.gz;/fh/fast/bloom_j/SR/ngs/illumina/reguia/200124_D00300_0895_BHCHKMBCX3/Unaligned/Project_reguia/Sample_L6-HC120043/L6-HC120043_GTGTTCTA_L002_R1_001.fastq.gz;/fh/fast/bloom_j/SR/ngs/illumina/reguia/200124_D00300_0895_BHCHKMBCX3/Unaligned/Project_reguia/Sample_L6-HC120043/L6-HC120043_GTGTTCTA_L001_R1_001.fastq.gz,
L6-HC070072,HC070072,lib3,1/24/20,0.004113,5.37,/fh/fast/bloom_j/SR/ngs/illumina/reguia/200124_D00300_0895_BHCHKMBCX3/Unaligned/Project_reguia/Sample_L6-HC070072/L6-HC070072_TAGGATGA_L002_R1_001.fastq.gz;/fh/fast/bloom_j/SR/ngs/illumina/reguia/200124_D00300_0895_BHCHKMBCX3/Unaligned/Project_reguia/Sample_L6-HC070072/L6-HC070072_TAGGATGA_L001_R1_002.fastq.gz;/fh/fast/bloom_j/SR/ngs/illumina/reguia/200124_D00300_0895_BHCHKMBCX3/Unaligned/Project_reguia/Sample_L6-HC070072/L6-HC070072_TAGGATGA_L002_R1_002.fastq.gz;/fh/fast/bloom_j/SR/ngs/illumina/reguia/200124_D00300_0895_BHCHKMBCX3/Unaligned/Project_reguia/Sample_L6-HC070072/L6-HC070072_TAGGATGA_L001_R1_001.fastq.gz,
Lib4bmock,mock,lib1,1/24/20,,,/fh/fast/bloom_j/SR/ngs/illumina/reguia/200124_D00300_0895_BHCHKMBCX3/Unaligned/Project_reguia/Sample_Lib4bmock/Lib4bmock_TCCGTCTA_L002_R1_001.fastq.gz;/fh/fast/bloom_j/SR/ngs/illumina/reguia/200124_D00300_0895_BHCHKMBCX3/Unaligned/Project_reguia/Sample_Lib4bmock/Lib4bmock_TCCGTCTA_L001_R1_001.fastq.gz;/fh/fast/bloom_j/SR/ngs/illumina/reguia/200124_D00300_0895_BHCHKMBCX3/Unaligned/Project_reguia/Sample_Lib4bmock/Lib4bmock_TCCGTCTA_L001_R1_002.fastq.gz;/fh/fast/bloom_j/SR/ngs/illumina/reguia/200124_D00300_0895_BHCHKMBCX3/Unaligned/Project_reguia/Sample_Lib4bmock/Lib4bmock_TCCGTCTA_L002_R1_002.fastq.gz,
Lib5mock,mock,lib2,1/24/20,,,/fh/fast/bloom_j/SR/ngs/illumina/reguia/200124_D00300_0895_BHCHKMBCX3/Unaligned/Project_reguia/Sample_Lib5mock/Lib5mock_TCTTCACA_L002_R1_002.fastq.gz;/fh/fast/bloom_j/SR/ngs/illumina/reguia/200124_D00300_0895_BHCHKMBCX3/Unaligned/Project_reguia/Sample_Lib5mock/Lib5mock_TCTTCACA_L001_R1_001.fastq.gz;/fh/fast/bloom_j/SR/ngs/illumina/reguia/200124_D00300_0895_BHCHKMBCX3/Unaligned/Project_reguia/Sample_Lib5mock/Lib5mock_TCTTCACA_L002_R1_001.fastq.gz;/fh/fast/bloom_j/SR/ngs/illumina/reguia/200124_D00300_0895_BHCHKMBCX3/Unaligned/Project_reguia/Sample_Lib5mock/Lib5mock_TCTTCACA_L001_R1_002.fastq.gz,
Lib6mock,mock,lib3,1/24/20,,,/fh/fast/bloom_j/SR/ngs/illumina/reguia/200124_D00300_0895_BHCHKMBCX3/Unaligned/Project_reguia/Sample_Lib6mock/Lib6mock_TGAAGAGA_L002_R1_001.fastq.gz;/fh/fast/bloom_j/SR/ngs/illumina/reguia/200124_D00300_0895_BHCHKMBCX3/Unaligned/Project_reguia/Sample_Lib6mock/Lib6mock_TGAAGAGA_L002_R1_002.fastq.gz;/fh/fast/bloom_j/SR/ngs/illumina/reguia/200124_D00300_0895_BHCHKMBCX3/Unaligned/Project_reguia/Sample_Lib6mock/Lib6mock_TGAAGAGA_L001_R1_001.fastq.gz;/fh/fast/bloom_j/SR/ngs/illumina/reguia/200124_D00300_0895_BHCHKMBCX3/Unaligned/Project_reguia/Sample_Lib6mock/Lib6mock_TGAAGAGA_L001_R1_002.fastq.gz,
WTplasmid-lib1,plasmid,lib1,1/24/20,,,/fh/fast/bloom_j/SR/ngs/illumina/reguia/200124_D00300_0895_BHCHKMBCX3/Unaligned/Project_reguia/Sample_WTplasmid/WTplasmid_TGGAACAA_L001_R1_002.fastq.gz;/fh/fast/bloom_j/SR/ngs/illumina/reguia/200124_D00300_0895_BHCHKMBCX3/Unaligned/Project_reguia/Sample_WTplasmid/WTplasmid_TGGAACAA_L002_R1_002.fastq.gz;/fh/fast/bloom_j/SR/ngs/illumina/reguia/200124_D00300_0895_BHCHKMBCX3/Unaligned/Project_reguia/Sample_WTplasmid/WTplasmid_TGGAACAA_L002_R1_001.fastq.gz;/fh/fast/bloom_j/SR/ngs/illumina/reguia/200124_D00300_0895_BHCHKMBCX3/Unaligned/Project_reguia/Sample_WTplasmid/WTplasmid_TGGAACAA_L001_R1_001.fastq.gz,
WTplasmid-lib2,plasmid,lib2,1/24/20,,,/fh/fast/bloom_j/SR/ngs/illumina/reguia/200124_D00300_0895_BHCHKMBCX3/Unaligned/Project_reguia/Sample_WTplasmid/WTplasmid_TGGAACAA_L001_R1_002.fastq.gz;/fh/fast/bloom_j/SR/ngs/illumina/reguia/200124_D00300_0895_BHCHKMBCX3/Unaligned/Project_reguia/Sample_WTplasmid/WTplasmid_TGGAACAA_L002_R1_002.fastq.gz;/fh/fast/bloom_j/SR/ngs/illumina/reguia/200124_D00300_0895_BHCHKMBCX3/Unaligned/Project_reguia/Sample_WTplasmid/WTplasmid_TGGAACAA_L002_R1_001.fastq.gz;/fh/fast/bloom_j/SR/ngs/illumina/reguia/200124_D00300_0895_BHCHKMBCX3/Unaligned/Project_reguia/Sample_WTplasmid/WTplasmid_TGGAACAA_L001_R1_001.fastq.gz,
WTplasmid-lib3,plasmid,lib3,1/24/20,,,/fh/fast/bloom_j/SR/ngs/illumina/reguia/200124_D00300_0895_BHCHKMBCX3/Unaligned/Project_reguia/Sample_WTplasmid/WTplasmid_TGGAACAA_L001_R1_002.fastq.gz;/fh/fast/bloom_j/SR/ngs/illumina/reguia/200124_D00300_0895_BHCHKMBCX3/Unaligned/Project_reguia/Sample_WTplasmid/WTplasmid_TGGAACAA_L002_R1_002.fastq.gz;/fh/fast/bloom_j/SR/ngs/illumina/reguia/200124_D00300_0895_BHCHKMBCX3/Unaligned/Project_reguia/Sample_WTplasmid/WTplasmid_TGGAACAA_L002_R1_001.fastq.gz;/fh/fast/bloom_j/SR/ngs/illumina/reguia/200124_D00300_0895_BHCHKMBCX3/Unaligned/Project_reguia/Sample_WTplasmid/WTplasmid_TGGAACAA_L001_R1_001.fastq.gz,
